dt,x,y,position,velocity,acceleration,jerk,heading
0.020000,110.549124,251.376236,0.000032,0.003168,0.158382,7.919120,6.282981
0.020000,110.549130,251.376236,0.000038,0.000317,-0.142551,-15.046693,6.282981
0.020000,110.549144,251.376236,0.000052,0.000712,0.019788,8.116977,6.282983
0.020000,110.549170,251.376236,0.000078,0.001266,0.027702,0.395676,6.282985
0.020000,110.549209,251.376236,0.000117,0.001979,0.035612,0.395544,6.282988
0.020000,110.549266,251.376236,0.000174,0.002849,0.043519,0.395329,6.282993
0.020000,110.549344,251.376236,0.000252,0.003877,0.051419,0.395009,6.282999
0.020000,110.549445,251.376235,0.000353,0.005064,0.059310,0.394563,6.283008
0.020000,110.549573,251.376235,0.000481,0.006407,0.067190,0.393970,6.283018
0.020000,110.549731,251.376235,0.000639,0.007909,0.075054,0.393210,6.283032
0.020000,110.549923,251.376235,0.000831,0.009567,0.082899,0.392261,6.283047
0.020000,110.550150,251.376235,0.001058,0.011381,0.090721,0.391103,6.283066
0.020000,110.550417,251.376235,0.001325,0.013351,0.098516,0.389714,6.283089
0.020000,110.550727,251.376235,0.001635,0.015477,0.106277,0.388074,6.283114
0.020000,110.551082,251.376235,0.001990,0.017757,0.114000,0.386161,6.283144
0.020000,110.551486,251.376235,0.002394,0.020190,0.121679,0.383955,6.283178
0.020000,110.559272,251.376235,0.010180,0.389311,18.456036,916.717846,0.000030
0.020000,110.570046,251.376236,0.020953,0.538672,7.468047,-549.399464,0.000073
0.020000,110.582049,251.376237,0.032957,0.600162,3.074504,-219.677143,0.000120
0.020000,110.595348,251.376239,0.046256,0.664969,3.240338,8.291710,0.000173
0.020000,110.610010,251.376242,0.060918,0.733088,3.405964,8.281300,0.000230
0.020000,110.626100,251.376246,0.077008,0.804520,3.571588,8.281175,0.000294
0.020000,110.643686,251.376252,0.094594,0.879266,3.737319,8.286557,0.000363
0.020000,110.662832,251.376260,0.113740,0.957319,3.902641,8.266080,0.000438
0.020000,110.683606,251.376270,0.134513,1.038677,4.067911,8.263507,0.000519
0.020000,110.706073,251.376282,0.156980,1.123345,4.233371,8.272990,0.000607
0.020000,110.730299,251.376298,0.181206,1.211305,4.398019,8.232442,0.000701
0.020000,110.756350,251.376318,0.207258,1.302573,4.563408,8.269402,0.000803
0.020000,110.784293,251.376342,0.235200,1.397128,4.727723,8.215782,0.000911
0.020000,110.814192,251.376371,0.265100,1.494982,4.892725,8.250097,0.001027
0.020000,110.846115,251.376405,0.297022,1.596118,5.056786,8.203065,0.001151
0.020000,110.880125,251.376447,0.331033,1.700542,5.221204,8.220868,0.001282
0.020000,110.916290,251.376496,0.367198,1.808247,5.385252,8.202424,0.001421
0.020000,110.954675,251.376553,0.405583,1.919223,5.548803,8.177553,0.001568
0.020000,110.995344,251.376620,0.446252,2.033473,5.712489,8.184262,0.001724
0.020000,111.038364,251.376698,0.489272,2.150989,5.875822,8.166698,0.001888
0.020000,111.083799,251.376787,0.534707,2.271766,6.038833,8.150502,0.002060
0.020000,111.131715,251.376890,0.582623,2.395797,6.201569,8.136828,0.002241
0.020000,111.182176,251.377008,0.633085,2.523078,6.364017,8.122412,0.002431
0.020000,111.235248,251.377143,0.686157,2.653601,6.526162,8.107234,0.002631
0.020000,111.290995,251.377295,0.741904,2.787361,6.687987,8.091275,0.002839
0.020000,111.349482,251.377467,0.800391,2.924350,6.849478,8.074514,0.003056
0.020000,111.410773,251.377662,0.861682,3.064563,7.010616,8.056931,0.003283
0.020000,111.474932,251.377880,0.925842,3.207990,7.171387,8.038507,0.003519
0.020000,111.542024,251.378124,0.992935,3.354622,7.331562,8.008782,0.003765
0.020000,111.612113,251.378397,1.063024,3.504454,7.491596,8.001670,0.004020
0.020000,111.685262,251.378701,1.136173,3.657479,7.651251,7.982790,0.004285
0.020000,111.761535,251.379038,1.212447,3.813676,7.809893,7.932077,0.004559
0.020000,111.840995,251.379412,1.291908,3.973055,7.968939,7.952309,0.004843
0.020000,111.923706,251.379824,1.374620,4.135586,8.126553,7.880702,0.005136
0.020000,112.009730,251.380279,1.460645,4.301276,8.284464,7.895527,0.005439
0.020000,112.099131,251.380780,1.550047,4.470105,8.441448,7.849232,0.005751
0.020000,112.191970,251.381328,1.642888,4.642059,8.597720,7.813607,0.006073
0.020000,112.288311,251.381930,1.739231,4.817134,8.753761,7.802049,0.006404
0.020000,112.388215,251.382586,1.839137,4.995316,8.909080,7.765937,0.006745
0.020000,112.491744,251.383303,1.942669,5.176591,9.063752,7.733588,0.007094
0.020000,112.598960,251.384083,2.049888,5.360947,9.217796,7.702199,0.007453
0.020000,112.709925,251.384930,2.160855,5.548371,9.371190,7.669689,0.007820
0.020000,112.824698,251.385849,2.275632,5.738845,9.523728,7.626908,0.008196
0.020000,112.943341,251.386845,2.394280,5.932361,9.675807,7.603937,0.008580
0.020000,113.065914,251.387921,2.516858,6.128905,9.827165,7.567919,0.008973
0.020000,113.192478,251.389082,2.643427,6.328452,9.977365,7.509995,0.009373
0.020000,113.323092,251.390333,2.774047,6.530999,10.127339,7.498685,0.009781
0.020000,113.457816,251.391679,2.908777,6.736517,10.275899,7.428013,0.010197
0.020000,113.596708,251.393124,3.047677,6.945001,10.424200,7.415050,0.010619
0.020000,113.739828,251.394675,3.190806,7.156426,10.571296,7.354809,0.011048
0.020000,113.887234,251.396336,3.338221,7.370776,10.717490,7.309694,0.011483
0.020000,114.038985,251.398112,3.489982,7.588033,10.862857,7.268347,0.011923
0.020000,114.195137,251.400009,3.646145,7.808180,11.007330,7.223646,0.012369
0.020000,114.355748,251.402032,3.806769,8.031193,11.150648,7.165935,0.012820
0.020000,114.520875,251.404186,3.971910,8.257056,11.293174,7.126260,0.013275
0.020000,114.690574,251.406478,4.141625,8.485749,11.434635,7.073074,0.013734
0.020000,114.864902,251.408913,4.315970,8.717247,11.574914,7.013951,0.014196
0.020000,115.043882,251.411496,4.494968,8.949895,11.632395,2.874045,0.014660
0.020000,115.227502,251.414231,4.678609,9.182046,11.607512,-1.244147,0.015125
0.020000,115.415754,251.417122,4.866883,9.413684,11.581916,-1.279805,0.015592
0.020000,115.608625,251.420175,5.059779,9.644792,11.555392,-1.326205,0.016058
0.020000,115.806106,251.423392,5.257286,9.875364,11.528622,-1.338476,0.016523
0.020000,116.008186,251.426778,5.459394,10.105384,11.500995,-1.381350,0.016986
0.020000,116.214852,251.430337,5.666090,10.334839,11.472727,-1.413414,0.017445
0.020000,116.426093,251.434071,5.877365,10.563715,11.443824,-1.445172,0.017902
0.020000,116.641898,251.437984,6.093205,10.791997,11.414108,-1.485782,0.018353
0.020000,116.862253,251.442077,6.313598,11.019678,11.384018,-1.504517,0.018798
0.020000,117.087147,251.446355,6.538533,11.246741,11.353184,-1.541685,0.019236
0.020000,117.316567,251.450818,6.767996,11.473170,11.321434,-1.587476,0.019666
0.020000,117.550500,251.455469,7.001976,11.698959,11.289442,-1.599644,0.020087
0.020000,117.788933,251.460309,7.240457,11.924090,11.256561,-1.644011,0.020498
0.020000,118.031852,251.465338,7.483428,12.148548,11.222913,-1.682426,0.020898
0.020000,118.279243,251.470557,7.730875,12.372326,11.188883,-1.701513,0.021285
0.020000,118.531093,251.475966,7.982783,12.595407,11.154056,-1.741330,0.021659
0.020000,118.787388,251.481564,8.239139,12.817779,11.118586,-1.773502,0.022017
0.020000,119.048112,251.487351,8.499927,13.039427,11.082415,-1.808573,0.022360
0.020000,119.313252,251.493324,8.765134,13.260340,11.045628,-1.839309,0.022686
0.020000,119.582791,251.499482,9.034744,13.480505,11.008264,-1.868209,0.022993
0.020000,119.856716,251.505821,9.308742,13.699906,10.970073,-1.909575,0.023280
0.020000,120.135011,251.512339,9.587113,13.918534,10.931374,-1.934913,0.023547
0.020000,120.417659,251.519031,9.869840,14.136371,10.891866,-1.975445,0.023791
0.020000,120.704645,251.525892,10.156908,14.353408,10.851847,-2.000904,0.024011
0.020000,120.995953,251.532917,10.448301,14.569629,10.811063,-2.039202,0.024207
0.020000,121.291566,251.540100,10.744001,14.785022,10.769626,-2.071877,0.024376
0.020000,121.591468,251.547434,11.043993,14.999572,10.727528,-2.104904,0.024517
0.020000,121.895641,251.554910,11.348258,15.213268,10.684762,-2.138301,0.024629
0.020000,122.204069,251.562522,11.656780,15.426094,10.641320,-2.172088,0.024710
0.020000,122.516734,251.570258,11.969541,15.638038,10.597194,-2.206277,0.024759
0.020000,122.833619,251.578109,12.286523,15.849086,10.552377,-2.240885,0.024775
0.020000,123.154705,251.586063,12.607707,16.059223,10.506894,-2.274149,0.024755
0.020000,123.479974,251.594108,12.933076,16.268438,10.460723,-2.308549,0.024698
0.020000,123.809408,251.602232,13.262610,16.476715,10.413838,-2.344250,0.024604
0.020000,124.142989,251.610419,13.596291,16.684040,10.366273,-2.378264,0.024469
0.020000,124.480696,251.618656,13.934099,16.890401,10.318031,-2.412069,0.024293
0.020000,124.822512,251.626925,14.276015,17.095782,10.269054,-2.448873,0.024074
0.020000,125.168416,251.635209,14.622018,17.300169,10.219376,-2.483895,0.023810
0.020000,125.518389,251.643491,14.972089,17.503550,10.169034,-2.517096,0.023500
0.020000,125.872411,251.651750,15.326207,17.705908,10.117904,-2.556516,0.023141
0.020000,126.230461,251.659965,15.684352,17.907229,10.066053,-2.592504,0.022733
0.020000,126.592519,251.668116,16.046502,18.107501,10.013600,-2.622695,0.022273
0.020000,126.958565,251.676177,16.412636,18.306706,9.960256,-2.667165,0.021760
0.020000,127.328576,251.684126,16.782732,18.504833,9.906363,-2.694654,0.021191
0.020000,127.702532,251.691937,17.156770,18.701864,9.851529,-2.741688,0.020566
0.020000,128.080410,251.699582,17.534725,18.897786,9.796102,-2.771364,0.019882
0.020000,128.462189,251.707033,17.916577,19.092585,9.739929,-2.808665,0.019137
0.020000,128.847846,251.714260,18.302302,19.286245,9.683001,-2.846390,0.018329
0.020000,129.237359,251.721232,18.691877,19.478751,9.625311,-2.884484,0.017457
0.020000,129.630704,251.727916,19.085279,19.670088,9.566854,-2.922883,0.016518
0.020000,130.027858,251.734279,19.482484,19.860240,9.507623,-2.961510,0.015511
0.020000,130.428797,251.740284,19.883468,20.049195,9.447711,-2.995647,0.014433
0.020000,130.833497,251.745894,20.288206,20.236938,9.387169,-3.027080,0.013283
0.020000,131.241933,251.751072,20.696675,20.423449,9.325561,-3.080404,0.012058
0.020000,131.654080,251.755776,21.108850,20.608719,9.263490,-3.103533,0.010756
0.020000,132.069914,251.759964,21.524704,20.792733,9.200679,-3.140539,0.009376
0.020000,132.489408,251.763594,21.944214,20.975471,9.136923,-3.187798,0.007915
0.020000,132.912535,251.766619,22.367352,21.156923,9.072603,-3.216043,0.006372
0.020000,133.339270,251.768993,22.794094,21.337074,9.007545,-3.252899,0.004743
0.020000,133.769585,251.770667,23.224412,21.515909,8.941760,-3.289238,0.003026
0.020000,134.203452,251.771591,23.658280,21.693415,8.875273,-3.324345,0.001220
0.020000,134.640844,251.771712,24.095672,21.869582,8.808378,-3.344763,6.282508
0.020000,135.081731,251.770978,24.536560,22.044388,8.740284,-3.404688,6.280516
0.020000,135.526085,251.769331,24.980916,22.217829,8.672071,-3.410652,6.278428
0.020000,135.973875,251.766714,25.428714,22.389887,8.602873,-3.459916,6.276241
0.020000,136.425071,251.763068,25.879925,22.560558,8.533565,-3.465390,6.273954
0.020000,136.879643,251.758331,26.334522,22.729822,8.463205,-3.517968,6.271563
0.020000,137.337559,251.752440,26.792475,22.897675,8.392613,-3.529609,6.269066
0.020000,137.798786,251.745330,27.253757,23.064105,8.321534,-3.553949,6.266461
0.020000,138.263292,251.736934,27.718339,23.229106,8.250021,-3.575641,6.263746
0.020000,138.731044,251.727182,28.186193,23.392668,8.178136,-3.594260,6.260919
0.020000,139.202007,251.716004,28.657288,23.554788,8.105980,-3.607793,6.257976
0.020000,139.676147,251.703326,29.131598,23.715461,8.033634,-3.617314,6.254915
0.020000,140.153428,251.689074,29.609091,23.874680,7.960948,-3.634304,6.251734
0.020000,140.633813,251.673171,30.089740,24.032448,7.888405,-3.627132,6.248431
0.020000,141.117267,251.655536,30.573515,24.188762,7.815693,-3.635612,6.245003
0.020000,141.603751,251.636091,31.060388,24.343625,7.743190,-3.625163,6.241448
0.020000,142.093227,251.614750,31.550329,24.497042,7.670824,-3.618289,6.237763
0.020000,142.585656,251.591430,32.043309,24.649018,7.598828,-3.599783,6.233946
0.020000,143.080997,251.566044,32.539300,24.799564,7.527272,-3.577808,6.229995
0.020000,143.579210,251.538502,33.038274,24.948690,7.456311,-3.548072,6.225906
0.020000,144.080253,251.508713,33.540202,25.096408,7.385897,-3.520717,6.221679
0.020000,144.584085,251.476585,34.045057,25.242741,7.316642,-3.462707,6.217309
0.020000,145.090633,251.442024,34.552783,25.386281,7.177023,-6.980980,6.212797
0.020000,145.599797,251.404939,35.063295,25.525629,6.967397,-10.481303,6.208139
0.020000,146.111476,251.365236,35.576513,25.660866,6.761815,-10.279092,6.203334
0.020000,146.625570,251.322821,36.092353,25.792028,6.558105,-10.185491,6.198381
0.020000,147.141977,251.277601,36.610737,25.919200,6.358614,-9.974533,6.193279
0.020000,147.660599,251.229479,37.131586,26.042449,6.162470,-9.807204,6.188025
0.020000,148.181333,251.178361,37.654823,26.161849,5.969980,-9.624500,6.182620
0.020000,148.704079,251.124150,38.180373,26.277480,5.781561,-9.420944,6.177061
0.020000,149.228737,251.066751,38.708161,26.389430,5.597488,-9.203649,6.171348
0.020000,149.755207,251.006067,39.238117,26.497791,5.418043,-8.972293,6.165481
0.020000,150.283389,250.942001,39.770170,26.602661,5.243510,-8.726628,6.159458
0.020000,150.813183,250.874458,40.304253,26.704126,5.073262,-8.512394,6.153280
0.020000,151.344491,250.803342,40.840299,26.802307,4.909050,-8.210627,6.146946
0.020000,151.877214,250.728556,41.378246,26.897334,4.751359,-7.884543,6.140457
0.020000,152.411253,250.650006,41.918031,26.989259,4.596249,-7.755475,6.133812
0.020000,152.946512,250.567596,42.459597,27.078295,4.451781,-7.223427,6.127011
0.020000,153.482894,250.481233,43.002887,27.164488,4.309640,-7.107053,6.120056
0.020000,154.020302,250.390823,43.547847,27.248009,4.176046,-6.679686,6.112948
0.020000,154.558642,250.296274,44.094427,27.329002,4.049656,-6.319482,6.105686
0.020000,155.097820,250.197494,44.642579,27.407588,3.929286,-6.018523,6.098273
0.020000,155.637743,250.094393,45.192257,27.483905,3.815852,-5.671711,6.090710
0.020000,156.178318,249.986883,45.743419,27.558103,3.709907,-5.297247,6.082999
0.020000,156.719454,249.874875,46.296026,27.630357,3.612708,-4.859930,6.075141
0.020000,157.193073,249.773146,46.780446,24.221022,-170.466729,-8703.971838,6.067353
0.020000,157.663890,249.666409,47.263211,24.138241,-4.139057,8316.383593,6.053158
0.020000,158.136290,249.552243,47.749211,24.299990,8.087462,611.325932,6.038982
0.020000,158.610308,249.430557,48.238599,24.469379,8.469443,19.099081,6.024843
0.020000,159.085979,249.301264,48.731528,24.646484,8.855247,19.290202,6.010759
0.020000,159.563343,249.164282,49.228157,24.831454,9.248505,19.662861,5.996748
0.020000,160.042438,249.019530,49.728642,25.024236,9.639062,19.527851,5.982829
0.020000,160.523297,248.866939,50.233132,25.224475,10.011953,18.644544,5.969019
0.020000,161.005959,248.706438,50.741780,25.432427,10.397603,19.282500,5.955337
0.020000,161.490455,248.537971,51.254730,25.647498,10.753575,17.798618,5.941799
0.020000,161.976816,248.361483,51.772122,25.869590,11.104579,17.550180,5.928423
0.020000,162.465071,248.176929,52.294093,26.098561,11.448567,17.199439,5.915225
0.020000,162.955245,247.984273,52.820768,26.333743,11.759093,15.526300,5.902222
0.020000,163.447359,247.783488,53.352266,26.574922,12.058960,14.993340,5.889427
0.020000,163.941431,247.574555,53.888700,26.821667,12.337251,13.914561,5.876857
0.020000,164.437479,247.357467,54.430170,27.073523,12.592804,12.777619,5.864524
0.020000,164.935513,247.132225,54.976770,27.330017,12.824702,11.594911,5.852441
0.020000,165.435543,246.898842,55.528584,27.590663,13.032282,10.379024,5.840622
0.020000,165.937576,246.657341,56.085683,27.854966,13.215131,9.142449,5.829076
0.020000,166.441616,246.407758,56.648132,28.122427,13.373078,7.897328,5.817816
0.020000,166.947666,246.150137,57.215983,28.392551,13.506183,6.655233,5.806849
0.020000,167.455726,245.884536,57.789280,28.664845,13.614722,5.426980,5.796187
0.020000,167.965797,245.611021,58.368056,28.938829,13.699172,4.222484,5.785835
0.020000,168.477877,245.329672,58.952337,29.214032,13.760187,3.050734,5.775803
0.020000,168.991967,245.040576,59.542137,29.489998,13.798271,1.904232,5.766095
0.020000,169.508065,244.743834,60.137463,29.766292,13.814695,0.821170,5.756719
0.020000,170.026172,244.439555,60.738313,30.042508,13.810787,-0.195384,5.747679
0.020000,170.546290,244.127858,61.344678,30.318251,13.787185,-1.180124,5.738980
0.020000,171.068424,243.808871,61.956541,30.593139,13.744386,-2.139932,5.730625
0.020000,171.592579,243.482731,62.573878,30.866872,13.686659,-2.886354,5.722619
0.020000,172.118764,243.149583,63.196660,31.139119,13.612368,-3.714534,5.714963
0.020000,172.646990,242.809583,63.824851,31.409547,13.521362,-4.550318,5.707660
0.020000,173.177275,242.462889,64.458411,31.677980,13.421667,-4.984730,5.700713
0.020000,173.709635,242.109671,65.097294,31.944133,13.307637,-5.701510,5.694121
0.020000,174.244095,241.750104,65.741449,32.207767,13.181720,-6.295844,5.687888
0.020000,174.780682,241.384367,66.390824,32.468780,13.050628,-6.554622,5.682012
0.020000,175.319426,241.012648,67.045363,32.726928,12.907402,-7.161288,5.676496
0.020000,175.860365,240.635138,67.705005,32.982112,12.759197,-7.410249,5.671339
0.020000,176.403538,240.252035,68.369690,33.234232,12.606010,-7.659354,5.666541
0.020000,176.948991,239.863540,69.039352,33.483104,12.443613,-8.119853,5.662103
0.020000,177.496775,239.469858,69.713927,33.728767,12.283151,-8.023096,5.658024
0.020000,178.046943,239.071200,70.393349,33.971062,12.114755,-8.419769,5.654304
0.020000,178.599556,238.667780,71.077548,34.209985,11.946113,-8.432100,5.650943
0.020000,179.154678,238.259813,71.766458,34.445506,11.776051,-8.503131,5.647940
0.020000,179.712378,237.847522,72.460009,34.677556,11.602518,-8.676647,5.645295
0.020000,180.272729,237.431129,73.158133,34.906199,11.432139,-8.518939,5.643006
0.020000,180.835810,237.010861,73.860761,35.131364,11.258282,-8.692845,5.641075
0.020000,181.401703,236.586948,74.567823,35.353110,11.087300,-8.549115,5.639500
0.020000,181.970490,236.159624,75.279247,35.571209,10.904955,-9.117268,5.638281
0.020000,182.542234,235.729148,75.994929,35.784111,10.645065,-12.994492,5.637418
0.020000,183.117003,235.295776,76.714770,35.992034,10.396180,-12.444212,5.636910
0.020000,183.694894,234.859751,77.438701,36.196539,10.225247,-8.546676,5.636756
0.020000,184.276007,234.421317,78.166654,36.397668,10.056438,-8.440443,5.636957
0.020000,184.860444,233.980722,78.898563,36.595446,9.888893,-8.377270,5.637512
0.020000,185.448310,233.538216,79.634361,36.789906,9.723005,-8.294389,5.638421
0.020000,186.039714,233.094052,80.373982,36.981062,9.557788,-8.260821,5.639684
0.020000,186.634765,232.648488,81.117362,37.168972,9.395507,-8.114098,5.641300
0.020000,187.233573,232.201783,81.864434,37.353607,9.231775,-8.186599,5.643270
0.020000,187.836252,231.754202,82.615134,37.535012,9.070249,-8.076293,5.645593
0.020000,188.442914,231.306011,83.369398,37.713199,8.909338,-8.045511,5.648268
0.020000,189.053672,230.857481,84.127161,37.888120,8.746034,-8.165209,5.651297
0.020000,189.668639,230.408888,84.888357,38.059821,8.585038,-8.049805,5.654679
0.020000,190.287926,229.960510,85.652922,38.228235,8.420714,-8.216199,5.658414
0.020000,190.911644,229.512632,86.420788,38.393314,8.253972,-8.337101,5.662501
0.020000,191.539901,229.065542,87.191889,38.555072,8.087875,-8.304872,5.666940
0.020000,192.172803,228.619532,87.966157,38.713371,7.914954,-8.646054,5.671731
0.020000,192.810452,228.174900,88.743520,38.868139,7.738408,-8.827304,5.676873
0.020000,193.452945,227.731949,89.523906,39.019326,7.559333,-8.953704,5.682365
0.020000,194.100376,227.290987,90.307242,39.166766,7.372030,-9.365185,5.688207
0.020000,194.752830,226.852325,91.093448,39.310308,7.177099,-9.746563,5.694397
0.020000,195.410387,226.416282,91.882444,39.449816,6.975388,-10.085542,5.700934
0.020000,196.073121,225.983181,92.674147,39.585151,6.766725,-10.433125,5.707816
0.020000,196.741095,225.553348,93.468467,39.716017,6.543310,-11.170771,5.715041
0.020000,197.414362,225.127117,94.265312,39.842233,6.310802,-11.625400,5.722606
0.020000,198.092965,224.704824,95.064583,39.963549,6.065832,-12.248488,5.730509
0.020000,198.776937,224.286810,95.866177,40.079695,5.807291,-12.927051,5.738746
0.020000,199.466295,223.873419,96.669984,40.190376,5.534060,-13.661572,5.747314
0.020000,200.161044,223.464999,97.475889,40.295244,5.243401,-14.532946,5.756208
0.020000,200.861174,223.061902,98.283769,40.393976,4.936578,-15.341122,5.765422
0.020000,201.566658,222.664479,99.093493,40.486207,4.611544,-16.251718,5.774952
0.020000,202.277454,222.273084,99.904924,40.571553,4.267320,-17.211183,5.784792
0.020000,202.993500,221.888071,100.717916,40.649614,3.903032,-18.214410,5.794934
0.020000,203.714715,221.509793,101.532316,40.719972,3.517930,-19.255100,5.805371
0.020000,204.441001,221.138600,102.347960,40.782201,3.111416,-20.325709,5.816094
0.020000,205.172237,220.774840,103.164677,40.835862,2.683067,-21.417425,5.827095
0.020000,205.908282,220.418857,103.982287,40.880515,2.232664,-22.520161,5.838364
0.020000,206.648974,220.070987,104.800602,40.915720,1.760212,-23.622584,5.849890
0.020000,207.394128,219.731561,105.619421,40.940949,1.261491,-24.936092,5.861663
0.020000,208.143538,219.400897,106.438539,40.955893,0.747160,-25.716501,5.873669
0.020000,208.896978,219.079306,107.257741,40.960107,0.210720,-26.822004,5.885898
0.020000,209.654197,218.767085,108.076803,40.953093,-0.350688,-28.070440,5.898334
0.020000,210.414923,218.464518,108.895492,40.934457,-0.931793,-29.055217,5.910964
0.020000,211.178870,218.171869,109.713573,40.904076,-1.519075,-29.364118,5.923774
0.020000,211.945720,217.889391,110.530796,40.861126,-2.147520,-31.422245,5.936749
0.020000,212.715150,217.617312,111.346914,40.805925,-2.760020,-30.624976,5.949872
0.020000,213.486810,217.355844,112.161669,40.737724,-3.410083,-32.503181,5.963128
0.020000,214.260336,217.105174,112.974798,40.656445,-4.063926,-32.692138,5.976500
0.020000,215.035355,216.865466,113.786040,40.562114,-4.716544,-32.630921,5.989972
0.020000,215.811476,216.636863,114.595128,40.454412,-5.385119,-33.428747,6.003526
0.020000,216.588299,216.419478,115.401794,40.333272,-6.057003,-33.594200,6.017145
0.020000,217.258234,216.240592,116.095201,34.670372,-283.145005,-13854.400074,6.025553
0.020000,217.925988,216.066239,116.785342,34.507039,-8.166638,13748.918321,6.030012
0.020000,218.590675,215.895833,117.471525,34.309159,-9.893996,-86.367873,6.034425
0.020000,219.252200,215.729329,118.153682,34.107859,-10.064970,-8.548724,6.038791
0.020000,219.910466,215.566681,118.831744,33.903088,-10.238581,-8.680539,6.043109
0.020000,220.565377,215.407843,119.505642,33.694899,-10.409436,-8.542773,6.047379
0.020000,221.216840,215.252767,120.175308,33.483308,-10.579536,-8.504960,6.051601
0.020000,221.864761,215.101404,120.840675,33.268331,-10.748880,-8.467226,6.055774
0.020000,222.509049,214.953707,121.501674,33.049981,-10.917472,-8.429587,6.059898
0.020000,223.149610,214.809625,122.158240,32.828275,-11.085313,-8.392063,6.063972
0.020000,223.786354,214.669108,122.810304,32.603227,-11.252407,-8.354671,6.067997
0.020000,224.419191,214.532106,123.457801,32.374852,-11.418755,-8.317432,6.071972
0.020000,225.048032,214.398567,124.100665,32.143184,-11.583417,-8.233084,6.075897
0.020000,225.672789,214.268440,124.738829,31.908209,-11.748735,-8.265926,6.079772
0.020000,226.293373,214.141672,125.372228,31.669960,-11.912442,-8.185338,6.083596
0.020000,226.909697,214.018212,126.000797,31.428445,-12.075752,-8.165496,6.087369
0.020000,227.521677,213.898005,126.624471,31.183690,-12.237733,-8.099046,6.091092
0.020000,228.129227,213.781000,127.243185,30.935689,-12.400070,-8.116830,6.094764
0.020000,228.732262,213.667144,127.856874,30.684469,-12.561013,-8.047158,6.098384
0.020000,229.330699,213.556381,128.465475,30.430041,-12.721394,-8.019042,6.101954
0.020000,229.924455,213.448660,129.068923,30.172416,-12.881215,-7.991092,6.105472
0.020000,230.513452,213.343926,129.667160,29.911847,-13.028469,-7.362700,6.108939
0.020000,231.097649,213.242119,130.260161,29.650044,-13.090140,-3.083501,6.112355
0.020000,231.677030,213.143174,130.847931,29.388482,-13.078139,0.600048,6.115721
0.020000,232.251584,213.047027,131.430474,29.127161,-13.066014,0.606212,6.119036
0.020000,232.821299,212.953617,132.007796,28.866082,-13.053962,0.602609,6.122302
0.020000,233.386163,212.862880,132.579901,28.605258,-13.041223,0.636970,6.125519
0.020000,233.946166,212.774758,133.146795,28.344688,-13.028497,0.636304,6.128686
0.020000,234.501297,212.689189,133.708482,28.084373,-13.015742,0.637707,6.131805
0.020000,235.051548,212.606115,134.264969,27.824320,-13.002623,0.655965,6.134877
0.020000,235.596909,212.525478,134.816259,27.564532,-12.989404,0.660963,6.137900
0.020000,236.137373,212.447222,135.362359,27.305011,-12.976083,0.666036,6.140876
0.020000,236.672932,212.371290,135.903275,27.045757,-12.962660,0.671159,6.143806
0.020000,237.203579,212.297627,136.439010,26.786776,-12.949052,0.680382,6.146690
0.020000,237.729308,212.226179,136.969571,26.528068,-12.935395,0.682859,6.149527
0.020000,238.250112,212.156892,137.494964,26.269633,-12.921783,0.680633,6.152320
0.020000,238.765986,212.089716,138.015194,26.011475,-12.907890,0.694603,6.155067
0.020000,239.276925,212.024597,138.530265,25.753593,-12.894120,0.688524,6.157770
0.020000,239.782924,211.961486,139.040185,25.495988,-12.880246,0.693686,6.160429
0.020000,240.283979,211.900334,139.544958,25.238661,-12.866332,0.695715,6.163045
0.020000,240.780087,211.841091,140.044591,24.981613,-12.852415,0.695843,6.165618
0.020000,241.271243,211.783710,140.539088,24.724843,-12.838493,0.696107,6.168148
0.020000,241.757445,211.728144,141.028455,24.468352,-12.824563,0.696486,6.170636
0.020000,242.238690,211.674347,141.512697,24.212139,-12.810624,0.696960,6.173082
0.020000,242.714976,211.622273,141.991821,23.956203,-12.796793,0.691534,6.175487
0.020000,243.186301,211.571880,142.465832,23.700546,-12.782846,0.697388,6.177852
0.020000,243.652662,211.523122,142.934736,23.445164,-12.769095,0.687552,6.180176
0.020000,244.114059,211.475958,143.398537,23.190060,-12.755205,0.694458,6.182460
0.020000,244.570490,211.430346,143.857241,22.935230,-12.741510,0.684775,6.184706
0.020000,245.021955,211.386245,144.310855,22.680672,-12.727903,0.680344,6.186912
0.020000,245.468452,211.343615,144.759383,22.426388,-12.714195,0.685402,6.189080
0.020000,245.909982,211.302416,145.202830,22.172375,-12.700649,0.677291,6.191210
0.020000,246.346543,211.262611,145.641203,21.918629,-12.687301,0.667401,6.193302
0.020000,246.778137,211.224160,146.074506,21.665153,-12.673785,0.675789,6.195357
0.020000,247.204763,211.187028,146.502745,21.411946,-12.660386,0.669954,6.197376
0.020000,247.626422,211.151179,146.925925,21.158996,-12.647487,0.644976,6.199359
0.020000,248.043114,211.116576,147.344051,20.906316,-12.633988,0.674960,6.201305
0.020000,248.454840,211.083184,147.757129,20.653889,-12.621363,0.631206,6.203217
0.020000,248.861601,211.050971,148.165163,20.401724,-12.608227,0.656809,6.205094
0.020000,249.263398,211.019903,148.568159,20.149816,-12.595441,0.639328,6.206936
0.020000,249.660232,210.989947,148.966123,19.898160,-12.582791,0.632502,6.208744
0.020000,250.052105,210.961072,149.359058,19.646755,-12.570224,0.628310,6.210518
0.020000,250.439017,210.933245,149.746970,19.395600,-12.557739,0.624264,6.212260
0.020000,250.820971,210.906438,150.129864,19.144693,-12.545395,0.617194,6.213968
0.020000,251.197969,210.880619,150.507744,18.894023,-12.533502,0.594672,6.215645
0.020000,251.570011,210.855760,150.880616,18.643604,-12.520918,0.629174,6.217289
0.020000,251.937101,210.831833,151.248484,18.393413,-12.509533,0.569258,6.218901
0.020000,252.299239,210.808809,151.611354,18.143468,-12.497264,0.613463,6.220483
0.020000,252.656428,210.786661,151.969229,17.893754,-12.485729,0.576742,6.222033
0.020000,253.008670,210.765363,152.322114,17.644265,-12.474449,0.563991,6.223554
0.020000,253.355967,210.744888,152.670014,17.395008,-12.462838,0.580572,6.225044
0.020000,253.698322,210.725212,153.012934,17.145976,-12.451575,0.563124,6.226504
0.020000,254.035736,210.706309,153.350877,16.897162,-12.440714,0.543085,6.227936
0.020000,254.368212,210.688155,153.683849,16.648570,-12.429587,0.556323,6.229338
0.020000,254.695753,210.670727,154.011852,16.400198,-12.418606,0.549054,6.230712
0.020000,255.018360,210.654001,154.334893,16.152032,-12.408308,0.514893,6.232057
0.020000,255.336037,210.637954,154.652975,15.904083,-12.397443,0.543262,6.233375
0.020000,255.648785,210.622566,154.966101,15.656332,-12.387537,0.495295,6.234665
0.020000,255.956607,210.607813,155.274277,15.408794,-12.376930,0.530343,6.235928
0.020000,256.259507,210.593676,155.577506,15.161454,-12.366997,0.496689,6.237164
0.020000,256.557485,210.580134,155.875793,14.914311,-12.357168,0.491414,6.238374
0.020000,256.850546,210.567167,156.169140,14.667362,-12.347443,0.486257,6.239557
0.020000,257.138691,210.554755,156.457552,14.420605,-12.337819,0.481208,6.240715
0.020000,257.421923,210.542879,156.741033,14.174039,-12.328294,0.476258,6.241847
0.020000,257.700244,210.531522,157.019586,13.927658,-12.319094,0.460010,6.242954
0.020000,257.973658,210.520664,157.293215,13.681453,-12.310222,0.443559,6.244036
0.020000,258.242166,210.510289,157.561924,13.435437,-12.300814,0.470441,6.245093
0.020000,258.505772,210.500380,157.825715,13.189589,-12.292376,0.421894,6.246126
0.020000,258.764477,210.490919,158.084594,12.943915,-12.283708,0.433387,6.247135
0.020000,259.018285,210.481890,158.338562,12.698414,-12.275056,0.432616,6.248120
0.020000,259.267198,210.473278,158.587624,12.453078,-12.266817,0.411927,6.249082
0.020000,259.511218,210.465068,158.831782,12.207904,-12.258682,0.406777,6.250020
0.020000,259.750347,210.457243,159.071040,11.962891,-12.250647,0.401710,6.250935
0.020000,259.984590,210.449791,159.305400,11.718037,-12.242713,0.396721,6.251828
0.020000,260.213946,210.442697,159.534867,11.473329,-12.235406,0.365362,6.252698
0.020000,260.438421,210.435946,159.759442,11.228778,-12.227556,0.392496,6.253546
0.020000,260.658014,210.429527,159.979130,10.984372,-12.220263,0.364649,6.254372
0.020000,260.872730,210.423425,160.193932,10.740113,-12.212979,0.364185,6.255177
0.020000,261.082569,210.417629,160.403852,10.495986,-12.206337,0.332109,6.255960
0.020000,261.287536,210.412125,160.608892,10.252005,-12.199063,0.363721,6.256721
0.020000,261.487631,210.406903,160.809055,10.008156,-12.192443,0.330987,6.257462
0.020000,261.682857,210.401950,161.004344,9.764438,-12.185924,0.325956,6.258182
0.020000,261.873216,210.397256,161.194761,9.520847,-12.179504,0.320986,6.258881
0.020000,262.058710,210.392810,161.380308,9.277384,-12.173182,0.316072,6.259560
0.020000,262.239342,210.388601,161.560989,9.034035,-12.167460,0.286116,6.260219
0.020000,262.415118,210.384620,161.736810,8.791043,-12.149585,0.893743,6.260858
0.020000,262.586077,210.380855,161.907811,8.550057,-12.049314,5.013565,6.261477
0.020000,262.752289,210.377296,162.074061,8.312489,-11.878367,8.547327,6.262077
0.020000,262.913821,210.373933,162.235628,8.078336,-11.707662,8.535277,6.262658
0.020000,263.070740,210.370756,162.392580,7.847600,-11.536800,8.543080,6.263221
0.020000,263.223116,210.367755,162.544985,7.620269,-11.366567,8.511648,6.263765
0.020000,263.371016,210.364921,162.692912,7.396338,-11.196511,8.502829,6.264293
0.020000,263.514507,210.362247,162.836428,7.175806,-11.026626,8.494250,6.264803
0.020000,263.653658,210.359723,162.975601,6.958668,-10.856908,8.485904,6.265296
0.020000,263.788535,210.357342,163.110500,6.744921,-10.687352,8.477785,6.265772
0.020000,263.919207,210.355096,163.241191,6.534554,-10.518352,8.450019,6.266233
0.020000,264.045740,210.352979,163.367742,6.327568,-10.349271,8.454052,6.266678
0.020000,264.168203,210.350984,163.490221,6.123966,-10.180090,8.459012,6.267107
0.020000,264.286663,210.349103,163.608696,5.923729,-10.011884,8.410300,6.267521
0.020000,264.401187,210.347332,163.723233,5.726866,-9.843121,8.438190,6.267921
0.020000,264.511842,210.345664,163.833901,5.533373,-9.674686,8.421707,6.268306
0.020000,264.618695,210.344094,163.940766,5.343239,-9.506682,8.400233,6.268677
0.020000,264.721813,210.342616,164.043895,5.156460,-9.338955,8.386331,6.269034
0.020000,264.821265,210.341226,164.143356,4.973043,-9.170820,8.406744,6.269378
0.020000,264.917115,210.339918,164.239215,4.792980,-9.003155,8.383255,6.269709
0.020000,265.009432,210.338689,164.331541,4.616265,-8.835747,8.370429,6.270027
0.020000,265.098283,210.337533,164.420398,4.442897,-8.668448,8.364948,6.270332
0.020000,265.183734,210.336447,164.505856,4.272877,-8.500965,8.374139,6.270626
0.020000,265.265851,210.335428,164.587980,4.106203,-8.333720,8.362263,6.270907
0.020000,265.344703,210.334470,164.666837,3.942860,-8.167158,8.328057,6.271177
0.020000,265.420354,210.333571,164.742494,3.782860,-7.999973,8.359254,6.271435
0.020000,265.492873,210.332728,164.815018,3.626195,-7.833273,8.335013,6.271682
0.020000,265.562326,210.331937,164.884476,3.472863,-7.666579,8.334721,6.271918
0.020000,265.628779,210.331196,164.950933,3.322857,-7.500290,8.314447,6.272144
0.020000,265.692299,210.330502,165.014457,3.176189,-7.333414,8.343788,6.272360
0.020000,265.752953,210.329851,165.075113,3.032844,-7.167232,8.309098,6.272566
0.020000,265.810806,210.329242,165.132970,2.892817,-7.001350,8.294086,6.272761
0.020000,265.865925,210.328673,165.188092,2.756122,-6.834783,8.328348,6.272948
0.020000,265.918378,210.328141,165.240547,2.622747,-6.668744,8.301963,6.273125
0.020000,265.968229,210.327643,165.290401,2.492692,-6.502764,8.299002,6.273293
0.020000,266.015546,210.327179,165.337720,2.365955,-6.336841,8.296159,6.273453
0.020000,266.060394,210.326746,165.382571,2.242535,-6.170972,8.293432,6.273604
0.020000,266.102841,210.326342,165.425019,2.122432,-6.005156,8.290816,6.273746
0.020000,266.142952,210.325966,165.465132,2.005642,-5.839524,8.281581,6.273881
0.020000,266.180794,210.325616,165.502975,1.892161,-5.674060,8.273240,6.274008
0.020000,266.216432,210.325292,165.538615,1.781999,-5.508101,8.297940,6.274128
0.020000,266.249934,210.324990,165.572118,1.675149,-5.342470,8.281552,6.274240
0.020000,266.281365,210.324710,165.603550,1.571600,-5.177444,8.251287,6.274345
0.020000,266.310791,210.324452,165.632978,1.471367,-5.011678,8.288314,6.274444
0.020000,266.338279,210.324213,165.660467,1.374444,-4.846124,8.277692,6.274536
0.020000,266.363894,210.323992,165.686083,1.280818,-4.681306,8.240876,6.274622
0.020000,266.387703,210.323789,165.709893,1.190512,-4.515282,8.301218,6.274701
0.020000,266.409773,210.323603,165.731963,1.103498,-4.350709,8.228662,6.274775
0.020000,266.430168,210.323432,165.752359,1.019801,-4.184881,8.291369,6.274843
0.020000,266.448955,210.323276,165.771147,0.939403,-4.019896,8.249265,6.274906
0.020000,266.466201,210.323134,165.788393,0.862305,-3.854886,8.250505,6.274963
0.020000,266.481971,210.323004,165.804164,0.788519,-3.689279,8.280330,6.275016
0.020000,266.496331,210.322887,165.818524,0.718030,-3.524463,8.240825,6.275064
0.020000,266.509347,210.322782,165.831541,0.650841,-3.359477,8.249299,6.275107
0.020000,266.521086,210.322687,165.843280,0.586960,-3.194030,8.272365,6.275146
0.020000,266.531613,210.322603,165.853808,0.526380,-3.028992,8.251882,6.275181
0.020000,266.540995,210.322528,165.863190,0.469100,-2.864014,8.248918,6.275213
0.020000,266.549297,210.322462,165.871492,0.415114,-2.699276,8.236877,6.275240
0.020000,266.556585,210.322404,165.878781,0.364437,-2.533886,8.269480,6.275265
0.020000,266.562926,210.322354,165.885122,0.317059,-2.368885,8.250093,6.275286
0.020000,266.568386,210.322311,165.890582,0.272981,-2.203889,8.249797,6.275304
0.020000,266.573030,210.322274,165.895226,0.232203,-2.038898,8.249542,6.275319
0.020000,266.576924,210.322244,165.899120,0.194725,-1.873911,8.249322,6.275332
0.020000,266.580135,210.322219,165.902331,0.160546,-1.708929,8.249137,6.275343
0.020000,266.582728,210.322198,165.904925,0.129667,-1.543949,8.248983,6.275352
0.020000,266.584770,210.322182,165.906966,0.102088,-1.378972,8.248857,6.275358
0.020000,266.586326,210.322170,165.908523,0.077808,-1.213997,8.248757,6.275364
0.020000,266.587463,210.322161,165.909659,0.056828,-1.049023,8.248679,6.275367
0.020000,266.588246,210.322155,165.910442,0.039147,-0.884051,8.248621,6.275370
0.020000,266.588741,210.322151,165.910937,0.024765,-0.719079,8.248579,6.275372
0.020000,266.589014,210.322149,165.911211,0.013683,-0.554108,8.248551,6.275372
0.020000,266.589132,210.322148,165.911329,0.005900,-0.389137,8.248535,6.275373
0.020000,266.589161,210.322148,165.911357,0.001417,-0.224167,8.248526,6.275373
0.020000,266.589161,210.322148,165.911357,0.000000,-0.070841,7.666301,6.275373
